Timestamp (s),GSR,dGSR,BPM,HRV,SkinT,Strain,Risk,Calib,
0,438.1,0,74,0,33.2,0,0,1,Low risk
6,728.2,0,77,69,33.3,0,0,1,Low risk
12,938,0,78,112,33.3,0,0,1,Low risk
18,1098,0,80,99.4,33,0,0,1,Low risk
24,1223.2,0,81,150.7,33.3,0,0,1,Low risk
30,1324.5,0,82,165.2,33.2,0,0,1,Low risk
36,1408.4,0,81,200.4,33.2,0,0,1,Low risk
42,1480,0,77,247.3,33.2,0,0,1,Low risk
48,1541.2,0,78,300.2,33.1,0,0,1,Low risk
54,1594.6,159.461,76,228,33,0,40,1,Moderate risk
60,1641.9,120.381,74,163.1,33,0,40,1,Moderate risk
66,1684.2,95.599,79,154.8,33.6,0,40.8,1,Moderate risk
72,1722.2,78.425,82,202.5,33.7,0,41.3,1,Moderate risk
78,1756.6,65.865,89,163.1,33.3,0.6,40.2,1,Moderate risk
84,1787.7,56.444,91,129.6,33,1.2,40.4,1,Moderate risk
90,1816.3,49.181,88,103.5,33.3,1.8,40.5,1,Moderate risk
96,1842.8,43.443,86,123.2,33.6,2.5,41.5,1,Moderate risk
102,1866.8,38.676,81,240,33.6,2.1,41.3,1,Moderate risk
108,1889.5,34.828,84,252.2,33.8,1.7,42.3,1,Moderate risk
114,1910.2,31.563,84,271.4,33.6,1.3,41.3,1,Moderate risk
120,1929.3,28.74,84,271.4,33.6,0.9,41,1,Moderate risk
126,1946.5,26.228,84,291.9,33.7,0.5,41.6,1,Moderate risk
132,1962.8,24.058,91,292.4,33.6,1.2,41.5,1,Moderate risk
138,1977.7,22.105,91,292.4,33.7,2,42,1,Moderate risk
144,1991.9,20.423,91,292.4,33.9,2.8,43,1,Moderate risk
150,2000.2,18.385,91,292.4,34.3,3.9,45,1,Moderate risk
156,2009.2,16.643,91,314.6,34.5,5,46,1,Moderate risk
162,2018.5,15.174,91,314.6,34.3,6.1,45.6,1,Moderate risk
168,2027.2,13.77,89,342.1,34.6,7.3,47,1,Moderate risk
174,2034.8,12.452,87,385.9,34.2,8.3,45.8,1,Moderate risk
180,2041.3,11.201,81,325.4,34.6,7.9,47,1,Moderate risk
186,2046.9,10.042,81,340.1,34.7,9.1,47.9,1,Moderate risk
192,2053,9.019,81,344.5,34.8,10.4,48.7,1,Moderate risk
198,2058.5,8.085,81,338.3,34.7,11.6,48.7,1,Moderate risk
204,2063.2,7.135,78,230.6,34.8,12.9,49.4,1,Moderate risk
210,2067.6,6.736,75,230.7,35.1,14.3,51.1,1,Moderate risk
216,2071.2,6.201,75,236.5,35.1,15.7,51.4,1,Moderate risk
222,2074.2,5.568,75,236.5,35.3,17.2,52.9,1,Moderate risk
228,2076.4,4.92,75,259,35.3,18.7,53.3,1,Moderate risk
234,2078.2,4.34,75,258.1,34.8,20,51.9,1,Moderate risk
240,2080.2,3.892,75,258.1,35.2,21.5,53.8,1,Moderate risk
246,2081.2,3.428,75,258.1,34.1,21.1,49.1,1,Moderate risk
252,2075.7,2.265,75,258.1,36.6,23.2,59.7,1,Moderate risk
258,2062.8,0.423,75,258.1,38,25.9,33.7,1,Moderate risk
264,2043.6,-1.962,75,258.1,46.3,28.6,26.1,1,Low risk
270,2030,-3.751,75,258.1,39,31.3,26.9,1,Low risk
276,2018.8,-5.24,75,258.1,38.5,34,27.7,1,Low risk
282,2005.1,-6.913,75,258.1,43.3,36.7,28.5,1,Low risk
288,1993.2,-8.32,75,258.1,40.4,39.4,29.3,1,Low risk
294,1982.8,-9.536,75,258.1,40,42.1,30.1,1,Moderate risk
300,1972.4,-10.777,75,258.1,39.8,44.8,31,1,Moderate risk
306,1961.7,-11.954,75,258.1,39.7,47.5,31.8,1,Moderate risk
312,1951.9,-12.372,75,258.1,39.5,50.2,32.6,1,Moderate risk
318,406.4,0,68,0,35.9,0,0,1,Low risk
324,681.5,0,75,312.3,35.8,0,0,1,Low risk
330,880.1,0,81,226.5,35.7,0,0,1,Low risk
336,1032.8,0,82,70.2,35.9,0,0,1,Low risk
342,1152.4,0,82,316.8,35.8,0,0,1,Low risk
348,1249.3,0,84,81.3,36,0,0,1,Low risk
354,1330.1,0,81,273.2,35.9,0,0,1,Low risk
360,1400,0,79,228.3,35.8,0,0,1,Low risk
366,1459.3,0,85,42.4,35.7,0.6,0.2,1,Low risk
372,1511.2,151.121,85,76.3,35.7,0.2,40.1,1,Moderate risk
378,1556.2,114.987,85,76.3,35.7,0,40,1,Moderate risk
384,1597.1,91.563,87,44.9,35.7,0.6,40.2,1,Moderate risk
390,1633.6,75.352,90,30.7,35.7,1.2,40.4,1,Moderate risk
396,1666.1,63.334,90,30.7,35.6,1.8,40.5,1,Moderate risk
402,1696.4,54.399,92,53.3,35.6,2.4,40.7,1,Moderate risk
408,1723.8,47.45,93,45.2,35.6,3,40.9,1,Moderate risk
414,1749.6,41.952,93,24,35.6,3.6,41.1,1,Moderate risk
420,1773.1,37.311,93,26.7,35.7,4.2,41.3,1,Moderate risk
426,1794.4,33.517,91,22.3,35.8,4.8,41.4,1,Moderate risk
432,1814.1,30.288,90,114.8,35.8,5.4,41.6,1,Moderate risk
438,1833.3,27.704,91,28.4,36,6,41.8,1,Moderate risk
444,1850.4,25.331,89,101,36,6.6,42,1,Moderate risk
450,1866.6,23.302,86,279.1,36,7.2,42.2,1,Moderate risk
456,1881.4,21.531,86,278.6,35.9,7.8,42.3,1,Moderate risk
462,1897.6,20.117,86,278.6,35.9,8.4,42.5,1,Moderate risk
468,1911.6,18.786,86,288.6,36,9,42.7,1,Moderate risk
474,1924.8,17.518,86,317.5,35.9,9.6,42.9,1,Moderate risk
480,1938.5,16.536,86,306.1,35.9,10.2,43.1,1,Moderate risk
486,1946.4,15.198,85,278.2,35.8,10.8,43.2,1,Moderate risk
492,1954,13.995,85,297,35.8,11.4,43.4,1,Moderate risk
498,1964.3,13.107,81,295.2,36.2,11,43.9,1,Moderate risk
504,1974.5,12.404,80,247.2,36.1,10.6,43.7,1,Moderate risk
510,1984,11.736,81,202,36.1,10.2,43.3,1,Moderate risk
516,1992.2,11.084,77,296.3,36.1,9.8,43.1,1,Moderate risk
522,1997.9,10.039,79,266.4,36.1,9.4,43,1,Moderate risk
528,2004.1,9.242,81,267.6,36,9,42.7,1,Moderate risk
534,2010.2,8.541,75,313.1,35.9,8.6,42.6,1,Moderate risk
540,2016.1,7.767,81,307.3,35.8,8.2,42.5,1,Moderate risk
546,2021.5,7.511,82,204.2,35.9,7.8,42.3,1,Moderate risk
552,2027.1,7.309,83,201.5,35.9,7.4,42.2,1,Moderate risk
558,2032.7,6.831,83,201.5,35.9,7,42.1,1,Moderate risk
564,2037.1,6.258,83,213.5,35.8,6.6,42,1,Moderate risk
570,2040.6,5.658,90,216.1,36.1,7.2,42.3,1,Moderate risk
576,2043,5.073,90,219,36,7.8,42.4,1,Moderate risk
582,2045.7,4.777,90,222.3,36.1,8.4,42.7,1,Moderate risk
588,2053.3,4.919,90,222.3,36.1,9.1,43.2,1,Moderate risk
594,2060.3,5.017,92,220.1,36.2,9.8,43.9,1,Moderate risk
600,2063.9,4.775,92,267.2,36.2,10.5,43.8,1,Moderate risk
606,2068.3,4.672,92,267.2,36.2,11.2,44.3,1,Moderate risk
612,2072.5,4.536,88,330.3,36.1,11.9,44.1,1,Moderate risk
618,2076.1,4.347,82,358.6,36.2,11.5,44.3,1,Moderate risk
624,2079.5,4.247,82,358.6,36.1,11.1,43.9,1,Moderate risk
630,2082.9,4.23,79,213.3,35.8,10.7,43.2,1,Moderate risk
636,2082.2,3.927,81,25.7,35.7,10.3,43.1,1,Moderate risk
642,2081.1,3.542,80,256.3,35.8,9.9,43,1,Moderate risk
648,2082,2.876,80,256.3,35.8,9.5,42.8,1,Moderate risk
654,2082.3,2.194,83,305.2,36.2,9.1,43.6,1,Moderate risk
660,2082.5,1.859,83,227.6,36,8.7,39.8,1,Moderate risk
666,2082.2,1.391,83,54.6,35.9,8.3,30.3,1,Moderate risk
672,2081.8,0.934,83,214.4,35.8,7.9,21,1,Low risk
678,2078.3,0.221,82,302,36,7.5,6.7,1,Low risk
684,2075.6,-0.395,85,297.7,36,8.1,2.4,1,Low risk
690,2072.5,-1.03,88,122.5,35.8,8.7,2.6,1,Low risk
696,2069,-1.322,87,154,35.8,9.3,2.8,1,Low risk
702,2069.2,-1.191,84,175.9,35.6,8.9,2.7,1,Low risk
708,2069.2,-1.28,87,158.3,35.6,9.5,2.8,1,Low risk
714,2068.7,-1.363,85,258.8,35.6,10.1,3,1,Low risk
720,2070.3,-1.216,81,330,35.7,9.7,2.9,1,Low risk
726,2072.1,-1.003,81,330,35.7,9.3,2.8,1,Low risk
732,2074,-0.784,81,330,35.7,8.9,2.7,1,Low risk
738,2074.8,-0.355,85,326.5,35.7,9.5,2.8,1,Low risk
744,2076.2,0.065,82,254.9,35.9,9.1,4,1,Low risk
750,2077.7,0.518,84,35,36,8.7,13,1,Low risk
756,2079.8,1.076,87,209.6,35.9,9.3,24.3,1,Low risk
762,2080.8,1.16,87,209.6,35.8,9.9,26.2,1,Low risk
768,2081.7,1.245,87,209.6,35.7,10.5,28,1,Low risk
774,2078.5,0.989,88,216.3,35.7,11.1,23.1,1,Low risk
780,2074.3,0.396,88,216.3,35.8,11.7,11.4,1,Low risk
786,2068.5,-0.362,88,216.3,35.8,12.3,3.7,1,Low risk
792,2062.3,-1.163,86,301.5,35.6,12.9,3.9,1,Low risk
798,2058.9,-1.588,91,289.3,35.7,13.5,4,1,Low risk
804,2054.9,-2.135,92,81.7,35.6,14.1,4.2,1,Low risk
810,2051.3,-2.638,88,250.5,35.7,14.7,4.4,1,Low risk
816,2047.3,-3.25,90,222.9,35.7,15.3,4.6,1,Low risk
822,2043.2,-3.758,86,97.9,35.7,15.9,4.8,1,Low risk
828,2039.2,-4.246,86,60,35.8,16.5,4.9,1,Low risk
834,2041.8,-3.676,86,258.1,35.8,17.1,5.1,1,Low risk
840,2045.1,-2.92,88,254.9,35.9,17.7,5.3,1,Low risk
846,2047.9,-2.059,84,307.3,35.8,17.3,5.2,1,Low risk
852,2051.8,-1.051,83,247.5,35.6,16.9,5.1,1,Low risk
858,2054.9,-0.399,81,316.9,35.3,16.5,4.9,1,Low risk
864,429.9,0,78,0,33.7,0,0,1,Low risk
870,720.8,0,81,58.3,33.6,0,0,1,Low risk
876,932.3,0,80,106,33.6,0,0,1,Low risk
882,1092.9,0,82,68.6,33.6,0,0,1,Low risk
888,1219.5,0,82,82.6,33.5,0,0,1,Low risk
894,1322.3,0,82,76.9,33.4,0,0,1,Low risk
900,1407.5,0,82,37.4,33.4,0,0,1,Low risk
906,1479.6,0,80,53.3,33.4,0,0,1,Low risk
912,1541.4,0,82,45.5,33.4,0,0,1,Low risk
918,1594.8,159.481,82,36.2,33.5,0,40,1,Moderate risk
924,1641.5,121.16,84,55.4,33.5,0,40,1,Moderate risk
930,1683.1,96.226,88,50.4,33.6,0.6,40.2,1,Moderate risk
936,1720.2,78.791,88,50.4,33.6,1.2,40.4,1,Moderate risk
942,1753.3,66.04,85,253.2,33.7,1.8,40.5,1,Moderate risk
948,1783.2,56.368,85,68.9,33.7,1.4,40.4,1,Moderate risk
954,1810.4,48.81,85,40.3,33.6,1,40.3,1,Moderate risk
960,1835.1,42.765,84,44.9,33.6,0.6,40.2,1,Moderate risk
966,1857.9,37.837,86,84.6,33.6,1.2,40.4,1,Moderate risk
972,1878.7,33.735,86,79.2,33.6,1.8,40.5,1,Moderate risk
978,1897.9,30.307,85,42.6,33.6,1.4,40.4,1,Moderate risk
984,1915.7,27.417,86,51.8,33.7,2,40.6,1,Moderate risk
990,1931.9,24.884,89,43.4,33.7,2.6,40.8,1,Moderate risk
996,1947.1,22.692,87,60.5,33.6,3.2,41,1,Moderate risk
1002,1961.2,20.787,87,47,33.6,3.8,41.1,1,Moderate risk
1008,1974.6,19.14,85,43.8,33.6,4.4,41.3,1,Moderate risk
1014,1986.9,17.654,84,36.7,33.6,4,41.2,1,Moderate risk
1020,1998.4,16.326,86,50.1,33.7,4.6,41.4,1,Moderate risk
1026,2009.3,15.139,87,52.4,33.6,5.2,41.6,1,Moderate risk
1032,2019.4,14.069,86,40.6,33.7,5.8,41.7,1,Moderate risk
1038,2028.9,13.099,86,31.3,33.6,6.4,41.9,1,Moderate risk
1044,2037.5,12.176,86,49.6,33.6,7,42.1,1,Moderate risk
1050,2045.5,11.355,84,51.6,33.6,6.6,42,1,Moderate risk
1056,2052.9,10.575,85,32.4,33.6,6.2,41.9,1,Moderate risk
1062,2059.8,9.861,85,66.5,33.7,5.8,41.7,1,Moderate risk
1068,2066.2,9.162,85,25.7,33.6,5.4,41.6,1,Moderate risk
1074,2072.3,8.539,87,69.7,33.6,6,41.8,1,Moderate risk
1080,2077.8,7.944,88,56.6,33.7,6.6,42,1,Moderate risk
1086,2083.1,7.374,88,60.4,33.6,7.2,42.2,1,Moderate risk
1092,2088,6.861,90,269.7,33.7,7.8,42.3,1,Moderate risk
1098,2092.7,6.385,90,269.3,33.8,8.4,42.5,1,Moderate risk
1104,2097.1,5.959,92,55.9,33.8,9,42.7,1,Moderate risk
1110,2101.3,5.585,94,87,33.8,9.6,42.9,1,Moderate risk
1116,2105.1,5.224,91,63.9,33.9,10.2,43.1,1,Moderate risk
1122,2108.7,4.889,91,67.5,34,10.8,43.2,1,Moderate risk
1128,2112,4.578,86,63.6,34,11.4,43.4,1,Moderate risk
1134,2115.1,4.282,82,38.2,34.1,11,43.3,1,Moderate risk
1140,2118.1,4.028,82,52.3,34.2,10.6,43.2,1,Moderate risk
1146,2121,3.791,79,61.2,34.2,10.2,43.1,1,Moderate risk
1152,2123.6,3.565,79,56.6,34.3,9.8,43.2,1,Moderate risk
1158,2126.2,3.347,77,126.3,34.3,9.4,43,1,Moderate risk
1164,2128.4,3.131,77,87,34.3,9,42.9,1,Moderate risk
1170,2130.5,2.916,77,45.9,34.4,8.6,43.1,1,Moderate risk
1176,2132.5,2.743,77,49.7,34.3,8.2,42.8,1,Moderate risk
1182,2134.6,2.596,79,52.9,34.4,7.8,42.9,1,Moderate risk
1188,2136.6,2.466,80,33.8,34.5,7.4,43.2,1,Moderate risk
1194,2138.5,2.338,82,37.8,34.6,7,43.5,1,Moderate risk
1200,2140.2,2.206,83,38.3,34.8,6.6,44,1,Moderate risk
1206,2141.7,2.075,83,41.8,34.8,6.2,44.2,1,Moderate risk
1212,2143.3,1.961,84,30.2,35,5.8,43.8,1,Moderate risk
1218,2144.7,1.847,85,47.8,35,5.4,41.4,1,Moderate risk
1224,2146,1.762,80,364,35.1,5,39.9,1,Moderate risk
1230,2147.3,1.682,82,41.7,35.1,4.6,38.4,1,Moderate risk
1236,2148.5,1.595,82,46.8,35.1,4.2,36.7,1,Moderate risk
1242,2149.7,1.506,71,316.7,35.2,3.8,35.1,1,Moderate risk
1248,2150.7,1.403,71,316.7,35.3,3.4,33.2,1,Moderate risk
1254,2151.4,1.294,71,316.7,35.3,3,31.2,1,Moderate risk
1260,2152.4,1.219,71,316.7,35.3,2.6,29.4,1,Low risk
1266,2153.4,1.17,71,316.9,35.6,3.9,30.1,1,Moderate risk
1272,2154.5,1.124,76,52.2,35.7,5.2,30,1,Low risk
1278,2155.4,1.075,74,41.7,35.8,6.5,29.8,1,Low risk
1284,2156.1,1.015,73,48.1,35.8,7.9,29.1,1,Low risk
1290,2157,0.966,83,35.7,35.8,9.2,28.3,1,Low risk
1296,2157.6,0.914,83,66.4,35.8,10.6,27.5,1,Low risk
1302,2158.4,0.872,83,63.1,35.7,11.9,26.7,1,Low risk
1308,2159.1,0.847,83,41.8,35.7,13.1,26.5,1,Low risk
1314,2159.8,0.837,83,51.5,35.7,14.5,27.1,1,Low risk
1320,2160.5,0.814,83,36.1,35.8,15.8,27.2,1,Low risk
1326,2160.9,0.751,84,35.9,35.8,17.2,26.5,1,Low risk
1332,2161.4,0.693,86,31.1,35.8,18.5,25.8,1,Low risk
1338,2161.7,0.625,88,31.2,35.8,19.9,24.7,1,Low risk
1344,2161.8,0.569,89,50.1,35.8,21.2,24,1,Low risk
1350,2162.2,0.523,88,37.2,35.7,22.5,22.9,1,Low risk
1356,2162.4,0.481,87,54.9,35.7,23.8,22.6,1,Low risk
1362,2162.6,0.414,87,53.4,35.6,25.1,21.3,1,Low risk
1368,2162.5,0.338,86,63.5,35.7,26.4,20.3,1,Low risk
1374,2162.7,0.287,87,73.3,35.7,27.6,19.8,1,Low risk
1380,2162.8,0.234,86,58.5,35.7,28.9,19,1,Low risk
1386,2162.7,0.177,85,53.7,35.6,30.2,18.1,1,Low risk
1392,2162.7,0.131,84,235.1,35.7,31.5,17.7,1,Low risk
1398,2162.5,0.088,83,226,35.6,32.7,16.7,1,Low risk
1404,2162.5,0.068,83,38.1,35.6,33.9,17,1,Low risk
1410,2162.7,0.05,86,43.7,35.6,35.2,16.9,1,Low risk
1416,2162.6,0.019,86,43.7,35.6,36.4,16.5,1,Low risk
1422,2162.4,-0.016,86,73,35.5,37.6,16.4,1,Low risk
1428,2162.5,-0.002,90,76.2,35.5,38.8,16.8,1,Low risk
1434,2162.5,-0.015,89,61.3,35.5,40,17,1,Low risk
1440,2162.5,-0.035,86,44.8,35.6,41.3,17.6,1,Low risk
1446,2162.5,-0.019,87,70.5,35.6,42.5,18.2,1,Low risk
1452,2162.6,-0.017,85,49.4,35.6,43.8,18.6,1,Low risk
1458,2162.5,-0.003,85,49.1,35.6,45,18.9,1,Low risk
1464,2162.4,-0.009,87,58.1,35.6,46.3,19.3,1,Low risk
1470,2162.5,-0.015,87,35.5,35.6,47.5,19.7,1,Low risk
1476,2162.5,-0.014,87,26.3,35.6,48.8,20.1,1,Low risk
1482,2162.7,0.034,87,42.9,35.5,49.9,20.5,1,Low risk
1488,2162.9,0.039,85,44,35.5,51.2,21.2,1,Low risk
1494,2163.1,0.057,85,48.6,35.5,52.4,21.9,1,Low risk
1500,2163.3,0.08,83,66.5,35.6,53.6,23.2,1,Low risk
1506,2163.5,0.095,84,50.7,35.6,54.9,23.7,1,Low risk
1512,2163.6,0.102,84,50.6,35.6,56.1,24.2,1,Low risk
1518,417.3,0,67,0,34,0,0.6,1,Low risk
1524,695.6,0,69,72.7,34,0,0.6,1,Low risk
1530,897,0,68,74.4,34,0,0.6,1,Low risk
1536,1049.3,0,68,52.8,33.9,0,0.5,1,Low risk
1542,1167.9,0,68,66.3,33.9,0,0.3,1,Low risk
1548,1263.2,0,69,48.9,34,0,0.6,1,Low risk
1554,1341.7,0,70,41.8,34.1,0,1.1,1,Low risk
1560,1408.5,0,71,60.6,34,0,1,1,Low risk
1566,1465.7,0,71,46.6,34,0,0.9,1,Low risk
1572,1515.3,151.526,72,56.1,34.1,0,41.1,1,Moderate risk
1578,1558.1,114.077,71,103.3,34.1,0,41.2,1,Moderate risk
1584,1595.9,90.031,70,89.5,34.1,0,41.4,1,Moderate risk
1590,1629.2,73.225,70,56.7,34.3,0,42.2,1,Moderate risk
1596,1659,60.967,68,91.5,34.5,0,42.6,1,Moderate risk
1602,1685.7,51.786,69,49.4,34.4,0,42.4,1,Moderate risk
1608,1709.9,44.662,69,48.9,34.5,0,42.6,1,Moderate risk
1614,1731.6,38.994,70,40.5,34.4,0,42.6,1,Moderate risk
1620,1751.6,34.316,70,72.3,34.5,0,42.9,1,Moderate risk
1626,1769.8,30.411,72,92.4,34.6,0,43.2,1,Moderate risk
1632,1786.5,27.119,73,34.2,34.5,0,43,1,Moderate risk
1638,1800.6,24.244,71,54.3,34.6,0,43,1,Moderate risk
1644,1813.8,21.793,70,56.8,34.6,0,43.3,1,Moderate risk
1650,1826.6,19.736,68,55.3,34.6,0,43.3,1,Moderate risk
1656,1838.3,17.938,67,9.4,34.7,0,43.5,1,Moderate risk
1662,1849.1,16.339,67,53,34.6,0,43.4,1,Moderate risk
1668,1859.5,14.965,70,72.2,34.6,0,43.4,1,Moderate risk
1674,1869.8,13.82,67,169.5,34.7,0,43.6,1,Moderate risk
1680,1879.4,12.771,67,57.5,34.7,0,43.7,1,Moderate risk
1686,1890.3,12.041,66,67.3,34.6,0,43.2,1,Moderate risk
1692,1901,11.454,62,49.2,34.5,0,42.6,1,Moderate risk
1698,1911.5,11.097,64,39.3,34.5,0,42.7,1,Moderate risk
1704,1921.3,10.749,65,39.7,34.5,0,42.6,1,Moderate risk
1710,1929.8,10.323,65,32.5,34.5,0,42.9,1,Moderate risk
1716,1937.4,9.901,66,42.9,34.5,0,42.9,1,Moderate risk
1722,1944.6,9.55,66,63.6,34.5,0,43,1,Moderate risk
1728,1951.3,9.173,66,67.4,34.7,0,43.7,1,Moderate risk
1734,1957.8,8.798,68,56.1,34.7,0,43.6,1,Moderate risk
1740,1964.6,8.528,67,65.8,34.6,0,43.4,1,Moderate risk
1746,1971.3,8.106,68,78.9,34.7,0,43.5,1,Moderate risk
1752,1977.8,7.681,67,86.7,34.7,0,43.8,1,Moderate risk
1758,1984,7.246,66,74.2,34.8,0,43.9,1,Moderate risk
1764,1990.1,6.884,68,121.7,34.7,0,43.5,1,Moderate risk
1770,1997.7,6.783,68,109,34.7,0,43.6,1,Moderate risk
1776,2004.5,6.71,70,67.7,34.7,0,43.5,1,Moderate risk
1782,2010.9,6.63,71,65.5,34.6,0,43.2,1,Moderate risk
1788,2017.7,6.644,70,61.8,34.6,0,43.3,1,Moderate risk
1794,2025.6,6.775,68,89.7,34.7,0,43.5,1,Moderate risk
1800,2031.3,6.671,67,72.2,34.5,0,43,1,Moderate risk
1806,2036.7,6.541,65,51.9,34.6,0,43.3,1,Moderate risk
1812,2042.3,6.448,66,77.4,34.6,0,43.4,1,Moderate risk
1818,2047,6.299,67,75.8,34.6,0,43.4,1,Moderate risk
1824,2048.1,5.799,68,99.8,34.7,0,43.5,1,Moderate risk
1830,2049.1,5.149,69,67.1,34.8,0,43.9,1,Moderate risk
1836,2049.8,4.537,68,82.7,34.8,0,44.1,1,Moderate risk
1842,2050.4,3.953,68,94.6,34.8,0,44.1,1,Moderate risk
1848,2050.7,3.299,69,102.2,34.7,0,43.8,1,Moderate risk
1854,2051.5,2.595,67,73.1,34.7,0,43.7,1,Moderate risk
1860,2052.6,2.124,67,44.8,34.7,0,43.6,1,Moderate risk
1866,2053.6,1.685,67,144.6,34.8,0,37.6,1,Moderate risk
1872,2054.2,1.194,66,107.5,34.7,0,27.6,1,Low risk
1878,2055,0.805,67,97.8,34.7,0,19.9,1,Low risk
1884,2055.6,0.743,65,107.7,34.7,0,18.5,1,Low risk
1890,2057,0.781,64,83,34.7,0,19.3,1,Low risk
1896,2058.3,0.851,63,64.3,34.7,0,20.9,1,Low risk
1902,2059.5,0.902,62,79.2,34.7,0,21.7,1,Low risk
1908,2060,0.936,65,86.5,34.7,0,22.4,1,Low risk
1914,2060.5,0.899,66,109.6,34.7,0,21.8,1,Low risk
1920,2059.8,0.722,68,85.6,34.8,0,18.6,1,Low risk
1926,2057,0.338,67,80.6,34.8,0,11,1,Low risk
1932,2053.6,-0.061,67,75.9,35.1,1.2,5.4,1,Low risk
1938,2049.7,-0.527,67,133.6,35,0.8,5.1,1,Low risk
1944,2046.6,-0.894,66,120.1,35.1,2,5.8,1,Low risk
1950,2044.3,-1.263,68,91.5,35.1,3.3,6.2,1,Low risk
1956,2041.2,-1.709,67,94.9,35.1,4.5,6.8,1,Low risk
1962,2040.9,-1.852,67,99.2,35.1,5.7,6.8,1,Low risk
1968,2044.4,-1.569,68,125.8,35.1,6.9,7.1,1,Low risk
1974,2045.8,-1.475,68,128.3,35,6.5,6.8,1,Low risk
1980,2045.4,-1.436,69,90.6,34.9,6.1,6.3,1,Low risk
1986,2044.5,-1.242,69,75.6,34.8,5.7,6,1,Low risk
1992,2042.2,-1.144,69,72.7,34.8,5.3,5.5,1,Low risk
1998,2038.7,-1.1,68,71.3,34.8,4.9,5.4,1,Low risk
2004,2037.2,-0.943,72,115.5,34.7,4.5,5.2,1,Low risk
2010,2035.9,-0.844,73,248,34.7,4.1,4.8,1,Low risk
2016,2035.6,-0.568,73,248,34.7,3.7,4.6,1,Low risk
2022,2033.9,-0.7,76,244.4,34.7,3.3,4.5,1,Low risk
2028,2031.8,-1.26,77,63.9,34.6,2.9,4.2,1,Low risk
2034,2027.3,-1.843,70,198,34.6,2.5,4,1,Low risk
2040,2026.2,-1.922,70,213.3,34.7,2.1,4.2,1,Low risk
2046,2024.4,-2.016,67,138.7,34.6,1.7,3.8,1,Low risk
2052,2022,-2.015,67,130.6,34.6,1.3,3.8,1,Low risk
2058,2021.1,-1.768,70,78.1,34.7,0.9,3.9,1,Low risk
2064,2020.3,-1.688,69,99.9,34.6,0.5,3.2,1,Low risk
2070,2020.2,-1.566,70,103.7,34.7,0.1,3.6,1,Low risk
2076,2019,-1.651,70,103.7,34.7,0,3.5,1,Low risk
2082,2016.8,-1.715,69,62.7,34.6,0,3.2,1,Low risk
2088,2015.5,-1.626,69,90.1,34.6,0,3.4,1,Low risk
2094,2016,-1.139,69,66.5,34.6,0,3.3,1,Low risk
2100,2017.5,-0.87,69,50,34.6,0,3.3,1,Low risk
2106,2019.9,-0.449,68,70.9,34.6,0,3,1,Low risk
2112,2021.5,-0.05,69,110.3,34.6,0,3.4,1,Low risk
2118,2023.1,0.199,69,149.8,34.6,0,7.2,1,Low risk
2124,2021.4,0.111,69,90.5,34.6,0,5.3,1,Low risk
2130,2017.4,-0.286,70,66.2,34.6,0,3.2,1,Low risk
2136,2013.2,-0.581,70,64.5,34.6,0,3,1,Low risk
2142,2009.2,-0.759,71,101.7,34.6,0,3,1,Low risk
2148,2011,-0.448,71,97,34.4,0,2.6,1,Low risk
2154,2008.2,-0.772,70,118.4,34.5,0,2.9,1,Low risk
2160,1997.6,-1.996,72,108.9,34.5,0,2.6,1,Low risk
2166,1985.8,-3.409,72,131.8,34.5,0,2.7,1,Low risk
2172,1985.4,-3.613,72,131.8,34.4,0,2.6,1,Low risk
2178,1980.7,-4.24,72,173.6,34.4,0,2.6,1,Low risk
2184,1974.8,-4.661,72,167.3,34.5,0,2.7,1,Low risk
2190,1974,-4.336,72,166.2,34.5,0,2.6,1,Low risk
2196,1969.6,-4.368,72,166.2,34.4,0,2.4,1,Low risk
2202,1972.7,-3.646,72,174.3,34.5,0,2.6,1,Low risk
2208,1976.6,-3.438,74,100.8,34.4,0,2.6,1,Low risk
2214,1980.1,-2.815,74,100.8,34.5,0,2.6,1,Low risk
2220,1988.9,-0.868,74,107,34.4,0,2.3,1,Low risk
2226,1994,0.822,79,140.7,34.4,0,18.9,1,Low risk
2232,1996.3,1.094,77,173.6,34.4,0,24.2,1,Low risk
2238,1994.3,1.367,74,66.2,34.2,0,29.2,1,Low risk
2244,1992.3,1.745,74,135.1,34.3,0,37,1,Moderate risk
2250,1989,1.496,67,116.5,34.3,0,32.1,1,Moderate risk
2256,1987.9,1.838,68,52.3,34.3,0,38.8,1,Moderate risk
2262,1987.7,1.501,68,139.4,34.1,0,31.5,1,Moderate risk
2268,1987.9,1.125,67,141.3,34.1,0,23.9,1,Low risk
2274,1989.5,0.946,68,48.5,34.1,0,20.3,1,Low risk
2280,1990.3,0.137,70,108.7,34.1,0,4,1,Low risk
2286,1991.5,-0.247,70,84.8,34.1,0,1.4,1,Low risk
2292,1991.4,-0.49,70,52.1,34.1,0,1.2,1,Low risk
2298,1993.1,-0.122,68,48.6,34.1,0,1.2,1,Low risk
2304,1994.7,0.248,65,46.5,34.1,0,6.1,1,Low risk
2310,1996.9,0.791,65,42.2,34.1,0,16.9,1,Low risk
2316,1999.1,1.119,65,36.1,34,0,23,1,Low risk
2322,2001,1.329,65,37.3,34,0,27.2,1,Low risk
2328,2003.3,1.539,65,44,33.9,0,31.3,1,Moderate risk
2334,2005.7,1.611,65,47.5,33.9,0,32.8,1,Moderate risk
2340,2007.7,1.74,65,34.9,33.9,0,35.4,1,Moderate risk
2346,2004.8,1.328,65,48.2,33.8,0,26.7,1,Low risk
2352,1997.9,0.65,65,89.1,33.7,0,13,1,Low risk
2358,1992.2,-0.09,65,89.7,33.8,0,0.2,1,Low risk
2364,2014.6,1.984,64,78.6,33.8,0,39.8,1,Moderate risk
2370,2035.4,3.855,64,78.6,25.2,0,40,1,Moderate risk
2376,283.9,0,85,0,34.1,0,0,1,Low risk
2382,471.4,0,76,193,34,0,0,1,Low risk
2388,610.6,0,73,159.1,33.9,0,0,1,Low risk
2394,714.2,0,74,137.4,33.9,0,0,1,Low risk
2400,791.1,0,71,173.4,33.8,0,0,1,Low risk
2406,854.8,0,72,136.1,33.9,0,0,1,Low risk
2412,906.2,0,73,214.5,33.8,0,0,1,Low risk
2418,949.4,0,69,248.7,33.7,0,0,1,Low risk
2424,988.4,0,69,223,33.3,0,0,1,Low risk
2430,1021.3,102.134,67,250.9,33.6,0,40,1,Moderate risk
2436,1045.8,76.191,65,186,33.8,0,40,1,Moderate risk
2442,1075.6,60.426,69,131.3,34.9,0,41.1,1,Moderate risk
2448,1104.4,49.379,67,205.6,34.5,0,40,1,Moderate risk
2454,1128.1,41.388,65,197.4,34.3,0,40,1,Moderate risk
2460,1143.2,35.209,65,192.3,33.6,0,40,1,Moderate risk
2466,1157,30.22,65,195.8,34.5,0,40,1,Moderate risk
2472,1169,26.282,65,195.8,34.4,0,40,1,Moderate risk
2478,1182.4,23.299,66,209.7,34.2,0,40,1,Moderate risk
2484,1193.3,20.492,68,172,34.2,0,40,1,Moderate risk
2490,1207.7,18.64,69,170,34.1,0,40,1,Moderate risk
2496,1219.3,17.353,66,195.1,34.1,0,40,1,Moderate risk
2502,1228,15.242,68,197.3,34.1,0,40,1,Moderate risk
2508,1238.5,13.413,68,209.1,34.1,0,40,1,Moderate risk
2514,1247.4,11.934,70,156.9,34,0,40,1,Moderate risk
2520,1257.7,11.447,70,115,34,0,40,1,Moderate risk
2526,1262.3,10.529,71,199,34,0,40,1,Moderate risk
2532,1270.8,10.183,72,289.6,34,0,40,1,Moderate risk
2538,1275.6,9.32,70,270.7,34,0,40,1,Moderate risk
2544,1280.6,8.733,69,222.3,34.1,0,40,1,Moderate risk
2550,1286.2,7.846,68,212.9,34.1,0,40,1,Moderate risk
2556,1290.2,7.092,66,181.9,34.1,0,40,1,Moderate risk
2562,1293.9,6.582,66,123.3,34.1,0,40,1,Moderate risk
2568,1299.2,6.065,69,287.7,34.1,0,40,1,Moderate risk
2574,1305.3,5.786,69,259.2,34.1,0,40,1,Moderate risk
2580,1309.6,5.19,71,208.2,34.1,0,40,1,Moderate risk
2586,1313.1,5.077,71,241.7,34.1,0,40,1,Moderate risk
2592,1317.5,4.671,68,259.4,34.3,0,40,1,Moderate risk
2598,1320.7,4.507,70,305.4,34.2,0,40,1,Moderate risk
2604,1327.1,4.65,68,275.3,34.2,0,40,1,Moderate risk
2610,1332.9,4.667,68,160.8,34.2,0,40,1,Moderate risk
2616,1338.8,4.864,69,207.4,34.1,0,40,1,Moderate risk
2622,1344.5,5.068,67,186.4,34.1,0,40,1,Moderate risk
2628,1351.3,5.217,68,240.3,34.1,0,40,1,Moderate risk
2634,1344.8,3.952,68,226.9,34,0,40,1,Moderate risk
2640,1336.6,2.694,74,124.5,34.4,0,40,1,Moderate risk
2646,1331.5,1.838,74,240.9,34.5,0,36.8,1,Moderate risk
2652,1327.9,1.034,75,145.3,34.5,0,20.7,1,Low risk
2658,1325.5,0.483,75,161.4,34.5,0,9.7,1,Low risk
2664,1322.9,-0.42,68,195.2,34.5,0,0,1,Low risk
2670,1322,-1.09,67,227.1,34.4,0,0,1,Low risk
2676,1320,-1.885,68,180.2,34.4,0,0,1,Low risk
2682,1317.4,-2.713,64,225.7,34.3,0,0,1,Low risk
2688,1315.1,-3.629,61,249.1,34.1,0,0,1,Low risk
2694,1313.5,-3.134,62,264.8,34.5,0,0,1,Low risk
2700,1312.7,-2.386,60,194.1,34.3,0,0,1,Low risk
2706,1311.2,-2.025,62,154.6,34.5,0,0,1,Low risk
2712,1310.7,-1.722,66,174,34.2,0,0,1,Low risk
